{"cameraMode":{"drawMode":0,"name":"Shaded","section":"Shading Mode"},"sceneLighting":false,"audioPlay":false,"sceneViewState":{"m_AlwaysRefresh":false,"showFog":true,"showSkybox":false,"showFlares":true,"showImageEffects":true,"showParticleSystems":true,"showVisualEffectGraphs":true,"m_FxEnabled":true},"in2DMode":false,"pivot":{"x":10.798325538635254,"y":12.630446434020996,"z":-168.0672607421875},"rotation":{"x":0.20029205083847047,"y":-0.10382018238306046,"z":0.02134605310857296,"w":0.9740118384361267},"size":5.395598411560059,"orthographic":false}