{"cameraMode":{"drawMode":0,"name":"Shaded","section":"Shading Mode"},"sceneLighting":false,"audioPlay":false,"sceneViewState":{"m_AlwaysRefresh":false,"showFog":true,"showSkybox":false,"showFlares":true,"showImageEffects":true,"showParticleSystems":true,"showVisualEffectGraphs":true,"m_FxEnabled":true},"in2DMode":false,"pivot":{"x":-0.6710143089294434,"y":5.824403762817383,"z":30.000089645385743},"rotation":{"x":0.13998834788799287,"y":-0.8555341362953186,"z":0.30197128653526308,"w":0.39662864804267886},"size":17.786001205444337,"orthographic":false}