{"cameraMode":{"drawMode":0,"name":"Shaded","section":"Shading Mode"},"sceneLighting":false,"audioPlay":false,"sceneViewState":{"m_AlwaysRefresh":false,"showFog":true,"showSkybox":false,"showFlares":true,"showImageEffects":true,"showParticleSystems":true,"showVisualEffectGraphs":true,"m_FxEnabled":true},"in2DMode":false,"pivot":{"x":21.035934448242189,"y":19.532983779907228,"z":10.35309886932373},"rotation":{"x":0.13998834788799287,"y":-0.8555341362953186,"z":0.30197128653526308,"w":0.39662864804267886},"size":24.30584144592285,"orthographic":false}